timestamp,views,es_halloween,semana_halloween,dias_para_halloween,views_lag7
2020-01-15,1970,0,0,290,1932.0
2020-01-16,1947,0,0,289,1907.0
2020-01-17,1762,0,0,288,1807.0
2020-01-18,1676,0,0,287,1649.0
2020-01-19,1833,0,0,286,1819.0
2020-01-20,2176,0,0,285,1977.0
2020-01-21,2043,0,0,284,1899.0
2020-01-22,2016,0,0,283,1970.0
2020-01-23,1863,0,0,282,1947.0
2020-01-24,1729,0,0,281,1762.0
2020-01-25,1702,0,0,280,1676.0
2020-01-26,1723,0,0,279,1833.0
2020-01-27,1929,0,0,278,2176.0
2020-01-28,2024,0,0,277,2043.0
2020-01-29,1914,0,0,276,2016.0
2020-01-30,1943,0,0,275,1863.0
2020-01-31,1839,0,0,274,1729.0
2020-02-01,1547,0,0,273,1702.0
2020-02-02,1761,0,0,272,1723.0
2020-02-03,1848,0,0,271,1929.0
2020-02-04,2759,0,0,270,2024.0
2020-02-05,2626,0,0,269,1914.0
2020-02-06,1811,0,0,268,1943.0
2020-02-07,2178,0,0,267,1839.0
2020-02-08,1600,0,0,266,1547.0
2020-02-09,1800,0,0,265,1761.0
2020-02-10,1922,0,0,264,1848.0
2020-02-11,1989,0,0,263,2759.0
2020-02-12,1914,0,0,262,2626.0
2020-02-13,2122,0,0,261,1811.0
2020-02-14,2996,0,0,260,2178.0
2020-02-15,2074,0,0,259,1600.0
2020-02-16,1861,0,0,258,1800.0
2020-02-17,1984,0,0,257,1922.0
2020-02-18,1916,0,0,256,1989.0
2020-02-19,1887,0,0,255,1914.0
2020-02-20,1940,0,0,254,2122.0
2020-02-21,1661,0,0,253,2996.0
2020-02-22,1614,0,0,252,2074.0
2020-02-23,1782,0,0,251,1861.0
2020-02-24,1864,0,0,250,1984.0
2020-02-25,1932,0,0,249,1916.0
2020-02-26,1903,0,0,248,1887.0
2020-02-27,1819,0,0,247,1940.0
2020-02-28,1693,0,0,246,1661.0
2020-02-29,1660,0,0,245,1614.0
2020-03-01,1876,0,0,244,1782.0
2020-03-02,1823,0,0,243,1864.0
2020-03-03,1824,0,0,242,1932.0
2020-03-04,1762,0,0,241,1903.0
2020-03-05,1752,0,0,240,1819.0
2020-03-06,1639,0,0,239,1693.0
2020-03-07,1474,0,0,238,1660.0
2020-03-08,1648,0,0,237,1876.0
2020-03-09,1748,0,0,236,1823.0
2020-03-10,1732,0,0,235,1824.0
2020-03-11,1573,0,0,234,1762.0
2020-03-12,1504,0,0,233,1752.0
2020-03-13,1488,0,0,232,1639.0
2020-03-14,1413,0,0,231,1474.0
2020-03-15,1381,0,0,230,1648.0
2020-03-16,1651,0,0,229,1748.0
2020-03-17,1631,0,0,228,1732.0
2020-03-18,1621,0,0,227,1573.0
2020-03-19,2215,0,0,226,1504.0
2020-03-20,2266,0,0,225,1488.0
2020-03-21,1548,0,0,224,1413.0
2020-03-22,1609,0,0,223,1381.0
2020-03-23,1716,0,0,222,1651.0
2020-03-24,1705,0,0,221,1631.0
2020-03-25,1789,0,0,220,1621.0
2020-03-26,1887,0,0,219,2215.0
2020-03-27,1698,0,0,218,2266.0
2020-03-28,1627,0,0,217,1548.0
2020-03-29,1794,0,0,216,1609.0
2020-03-30,1799,0,0,215,1716.0
2020-03-31,2206,0,0,214,1705.0
2020-04-01,2649,0,0,213,1789.0
2020-04-02,1959,0,0,212,1887.0
2020-04-03,1787,0,0,211,1698.0
2020-04-04,1995,0,0,210,1627.0
2020-04-05,1716,0,0,209,1794.0
2020-04-06,1927,0,0,208,1799.0
2020-04-07,2642,0,0,207,2206.0
2020-04-08,2445,0,0,206,2649.0
2020-04-09,2119,0,0,205,1959.0
2020-04-10,2158,0,0,204,1787.0
2020-04-11,2203,0,0,203,1995.0
2020-04-12,2768,0,0,202,1716.0
2020-04-13,2382,0,0,201,1927.0
2020-04-14,2045,0,0,200,2642.0
2020-04-15,1969,0,0,199,2445.0
2020-04-16,2100,0,0,198,2119.0
2020-04-17,2159,0,0,197,2158.0
2020-04-18,1846,0,0,196,2203.0
2020-04-19,1849,0,0,195,2768.0
2020-04-20,2113,0,0,194,2382.0
2020-04-21,2029,0,0,193,2045.0
2020-04-22,2240,0,0,192,1969.0
2020-04-23,2099,0,0,191,2100.0
2020-04-24,2043,0,0,190,2159.0
2020-04-25,1848,0,0,189,1846.0
2020-04-26,1894,0,0,188,1849.0
2020-04-27,2513,0,0,187,2113.0
2020-04-28,2337,0,0,186,2029.0
2020-04-29,2208,0,0,185,2240.0
2020-04-30,2133,0,0,184,2099.0
2020-05-01,2083,0,0,183,2043.0
2020-05-02,1817,0,0,182,1848.0
2020-05-03,1991,0,0,181,1894.0
2020-05-04,2063,0,0,180,2513.0
2020-05-05,2484,0,0,179,2337.0
2020-05-06,3884,0,0,178,2208.0
2020-05-07,3381,0,0,177,2133.0
2020-05-08,2433,0,0,176,2083.0
2020-05-09,2098,0,0,175,1817.0
2020-05-10,2136,0,0,174,1991.0
2020-05-11,2006,0,0,173,2063.0
2020-05-12,1925,0,0,172,2484.0
2020-05-13,2042,0,0,171,3884.0
2020-05-14,1888,0,0,170,3381.0
2020-05-15,1810,0,0,169,2433.0
2020-05-16,1691,0,0,168,2098.0
2020-05-17,1812,0,0,167,2136.0
2020-05-18,1926,0,0,166,2006.0
2020-05-19,1920,0,0,165,1925.0
2020-05-20,1882,0,0,164,2042.0
2020-05-21,1923,0,0,163,1888.0
2020-05-22,1850,0,0,162,1810.0
2020-05-23,1886,0,0,161,1691.0
2020-05-24,1876,0,0,160,1812.0
2020-05-25,2140,0,0,159,1926.0
2020-05-26,1978,0,0,158,1920.0
2020-05-27,1792,0,0,157,1882.0
2020-05-28,1841,0,0,156,1923.0
2020-05-29,1701,0,0,155,1850.0
2020-05-30,1504,0,0,154,1886.0
2020-05-31,1557,0,0,153,1876.0
2020-06-01,1739,0,0,152,2140.0
2020-06-02,1747,0,0,151,1978.0
2020-06-03,1686,0,0,150,1792.0
2020-06-04,1699,0,0,149,1841.0
2020-06-05,1741,0,0,148,1701.0
2020-06-06,1527,0,0,147,1504.0
2020-06-07,1576,0,0,146,1557.0
2020-06-08,1761,0,0,145,1739.0
2020-06-09,1658,0,0,144,1747.0
2020-06-10,1812,0,0,143,1686.0
2020-06-11,1798,0,0,142,1699.0
2020-06-12,1630,0,0,141,1741.0
2020-06-13,1509,0,0,140,1527.0
2020-06-14,1763,0,0,139,1576.0
2020-06-15,1796,0,0,138,1761.0
2020-06-16,1599,0,0,137,1658.0
2020-06-17,1651,0,0,136,1812.0
2020-06-18,1729,0,0,135,1798.0
2020-06-19,1765,0,0,134,1630.0
2020-06-20,1699,0,0,133,1509.0
2020-06-21,1882,0,0,132,1763.0
2020-06-22,1798,0,0,131,1796.0
2020-06-23,1598,0,0,130,1599.0
2020-06-24,1741,0,0,129,1651.0
2020-06-25,1681,0,0,128,1729.0
2020-06-26,1583,0,0,127,1765.0
2020-06-27,1627,0,0,126,1699.0
2020-06-28,1657,0,0,125,1882.0
2020-06-29,1686,0,0,124,1798.0
2020-06-30,1605,0,0,123,1598.0
2020-07-01,1704,0,0,122,1741.0
2020-07-02,1678,0,0,121,1681.0
2020-07-03,1736,0,0,120,1583.0
2020-07-04,1938,0,0,119,1627.0
2020-07-05,1918,0,0,118,1657.0
2020-07-06,1793,0,0,117,1686.0
2020-07-07,1867,0,0,116,1605.0
2020-07-08,2005,0,0,115,1704.0
2020-07-09,2115,0,0,114,1678.0
2020-07-10,1883,0,0,113,1736.0
2020-07-11,1784,0,0,112,1938.0
2020-07-12,1873,0,0,111,1918.0
2020-07-13,1834,0,0,110,1793.0
2020-07-14,1813,0,0,109,1867.0
2020-07-15,1711,0,0,108,2005.0
2020-07-16,2262,0,0,107,2115.0
2020-07-17,2022,0,0,106,1883.0
2020-07-18,1768,0,0,105,1784.0
2020-07-19,1932,0,0,104,1873.0
2020-07-20,1863,0,0,103,1834.0
2020-07-21,1850,0,0,102,1813.0
2020-07-22,1938,0,0,101,1711.0
2020-07-23,1960,0,0,100,2262.0
2020-07-24,1977,0,0,99,2022.0
2020-07-25,1832,0,0,98,1768.0
2020-07-26,1824,0,0,97,1932.0
2020-07-27,1906,0,0,96,1863.0
2020-07-28,1813,0,0,95,1850.0
2020-07-29,1836,0,0,94,1938.0
2020-07-30,1871,0,0,93,1960.0
2020-07-31,2013,0,0,92,1977.0
2020-08-01,1938,0,0,91,1832.0
2020-08-02,2081,0,0,90,1824.0
2020-08-03,2016,0,0,89,1906.0
2020-08-04,2031,0,0,88,1813.0
2020-08-05,2070,0,0,87,1836.0
2020-08-06,1909,0,0,86,1871.0
2020-08-07,1971,0,0,85,2013.0
2020-08-08,1875,0,0,84,1938.0
2020-08-09,2118,0,0,83,2081.0
2020-08-10,2091,0,0,82,2016.0
2020-08-11,2113,0,0,81,2031.0
2020-08-12,2235,0,0,80,2070.0
2020-08-13,2247,0,0,79,1909.0
2020-08-14,2163,0,0,78,1971.0
2020-08-15,2106,0,0,77,1875.0
2020-08-16,2186,0,0,76,2118.0
2020-08-17,2291,0,0,75,2091.0
2020-08-18,2286,0,0,74,2113.0
2020-08-19,2358,0,0,73,2235.0
2020-08-20,2235,0,0,72,2247.0
2020-08-21,2168,0,0,71,2163.0
2020-08-22,2152,0,0,70,2106.0
2020-08-23,2512,0,0,69,2186.0
2020-08-24,2876,0,0,68,2291.0
2020-08-25,2967,0,0,67,2286.0
2020-08-26,2706,0,0,66,2358.0
2020-08-27,2786,0,0,65,2235.0
2020-08-28,2763,0,0,64,2168.0
2020-08-29,2709,0,0,63,2152.0
2020-08-30,3059,0,0,62,2512.0
2020-08-31,3263,0,0,61,2876.0
2020-09-01,3702,0,0,60,2967.0
2020-09-02,3641,0,0,59,2706.0
2020-09-03,3550,0,0,58,2786.0
2020-09-04,3471,0,0,57,2763.0
2020-09-05,3493,0,0,56,2709.0
2020-09-06,3850,0,0,55,3059.0
2020-09-07,4542,0,0,54,3263.0
2020-09-08,4464,0,0,53,3702.0
2020-09-09,4270,0,0,52,3641.0
2020-09-10,4789,0,0,51,3550.0
2020-09-11,4291,0,0,50,3471.0
2020-09-12,4295,0,0,49,3493.0
2020-09-13,4722,0,0,48,3850.0
2020-09-14,4854,0,0,47,4542.0
2020-09-15,5029,0,0,46,4464.0
2020-09-16,5158,0,0,45,4270.0
2020-09-17,5577,0,0,44,4789.0
2020-09-18,6837,0,0,43,4291.0
2020-09-19,5157,0,0,42,4295.0
2020-09-20,5932,0,0,41,4722.0
2020-09-21,6500,0,0,40,4854.0
2020-09-22,9749,0,0,39,5029.0
2020-09-23,7691,0,0,38,5158.0
2020-09-24,7256,0,0,37,5577.0
2020-09-25,7378,0,0,36,6837.0
2020-09-26,7552,0,0,35,5157.0
2020-09-27,8402,0,0,34,5932.0
2020-09-28,9410,0,0,33,6500.0
2020-09-29,10035,0,0,32,9749.0
2020-09-30,10293,0,0,31,7691.0
2020-10-01,16224,0,0,30,7256.0
2020-10-02,16124,0,0,29,7378.0
2020-10-03,14291,0,0,28,7552.0
2020-10-04,15132,0,0,27,8402.0
2020-10-05,16182,0,0,26,9410.0
2020-10-06,17011,0,0,25,10035.0
2020-10-07,17422,0,0,24,10293.0
2020-10-08,18992,0,0,23,16224.0
2020-10-09,18486,0,0,22,16124.0
2020-10-10,18883,0,0,21,14291.0
2020-10-11,21007,0,0,20,15132.0
2020-10-12,22178,0,0,19,16182.0
2020-10-13,21554,0,0,18,17011.0
2020-10-14,22179,0,0,17,17422.0
2020-10-15,22766,0,0,16,18992.0
2020-10-16,22176,0,0,15,18486.0
2020-10-17,24442,0,0,14,18883.0
2020-10-18,27236,0,0,13,21007.0
2020-10-19,28044,0,0,12,22178.0
2020-10-20,29271,0,0,11,21554.0
2020-10-21,31621,0,0,10,22179.0
2020-10-22,33008,0,0,9,22766.0
2020-10-23,32857,0,0,8,22176.0
2020-10-24,33896,0,1,7,24442.0
2020-10-25,41825,0,1,6,27236.0
2020-10-26,54615,0,1,5,28044.0
2020-10-27,61249,0,1,4,29271.0
2020-10-28,69880,0,1,3,31621.0
2020-10-29,103163,0,1,2,33008.0
2020-10-30,229665,0,1,1,32857.0
2020-10-31,396266,1,1,0,33896.0
2020-11-01,209931,0,0,0,41825.0
2020-11-02,80185,0,0,0,54615.0
2020-11-03,36490,0,0,0,61249.0
2020-11-04,21865,0,0,0,69880.0
2020-11-05,18428,0,0,0,103163.0
2020-11-06,13249,0,0,0,229665.0
2020-11-07,10588,0,0,0,396266.0
2020-11-08,9188,0,0,0,209931.0
2020-11-09,8632,0,0,0,80185.0
2020-11-10,7665,0,0,0,36490.0
2020-11-11,7211,0,0,0,21865.0
2020-11-12,6500,0,0,0,18428.0
2020-11-13,6594,0,0,0,13249.0
2020-11-14,5246,0,0,0,10588.0
2020-11-15,5168,0,0,0,9188.0
2020-11-16,5149,0,0,0,8632.0
2020-11-17,4664,0,0,0,7665.0
2020-11-18,4547,0,0,0,7211.0
2020-11-19,4578,0,0,0,6500.0
2020-11-20,4099,0,0,0,6594.0
2020-11-21,3567,0,0,0,5246.0
2020-11-22,3717,0,0,0,5168.0
2020-11-23,3883,0,0,0,5149.0
2020-11-24,3926,0,0,0,4664.0
2020-11-25,3724,0,0,0,4547.0
2020-11-26,4839,0,0,0,4578.0
2020-11-27,4494,0,0,0,4099.0
2020-11-28,3295,0,0,0,3567.0
2020-11-29,3254,0,0,0,3717.0
2020-11-30,3772,0,0,0,3883.0
2020-12-01,3892,0,0,0,3926.0
2020-12-02,3274,0,0,0,3724.0
2020-12-03,3212,0,0,0,4839.0
2020-12-04,2672,0,0,0,4494.0
2020-12-05,2479,0,0,0,3295.0
2020-12-06,2726,0,0,0,3254.0
2020-12-07,3029,0,0,0,3772.0
2020-12-08,2787,0,0,0,3892.0
2020-12-09,2745,0,0,0,3274.0
2020-12-10,2690,0,0,0,3212.0
2020-12-11,2416,0,0,0,2672.0
2020-12-12,2356,0,0,0,2479.0
2020-12-13,2540,0,0,0,2726.0
2020-12-14,2763,0,0,0,3029.0
2020-12-15,2540,0,0,0,2787.0
2020-12-16,2534,0,0,0,2745.0
2020-12-17,2589,0,0,0,2690.0
2020-12-18,2357,0,0,0,2416.0
2020-12-19,2268,0,0,0,2356.0
2020-12-20,2255,0,0,0,2540.0
2020-12-21,2344,0,0,0,2763.0
2020-12-22,2245,0,0,0,2540.0
2020-12-23,2366,0,0,0,2534.0
2020-12-24,2939,0,0,0,2589.0
2020-12-25,3107,0,0,0,2357.0
2020-12-26,2274,0,0,0,2268.0
2020-12-27,2082,0,0,0,2255.0
2020-12-28,2077,0,0,0,2344.0
2020-12-29,1889,0,0,0,2245.0
2020-12-30,1935,0,0,0,2366.0
2020-12-31,4049,0,0,0,2939.0
2021-01-01,2349,0,0,303,3107.0
2021-01-02,1920,0,0,302,2274.0
2021-01-03,1929,0,0,301,2082.0
2021-01-04,1890,0,0,300,2077.0
2021-01-05,2078,0,0,299,1889.0
2021-01-06,1956,0,0,298,1935.0
2021-01-07,1748,0,0,297,4049.0
2021-01-08,1898,0,0,296,2349.0
2021-01-09,1660,0,0,295,1920.0
2021-01-10,1718,0,0,294,1929.0
2021-01-11,1866,0,0,293,1890.0
2021-01-12,1999,0,0,292,2078.0
2021-01-13,1952,0,0,291,1956.0
2021-01-14,1933,0,0,290,1748.0
2021-01-15,1842,0,0,289,1898.0
2021-01-16,1676,0,0,288,1660.0
2021-01-17,1829,0,0,287,1718.0
2021-01-18,1977,0,0,286,1866.0
2021-01-19,1925,0,0,285,1999.0
2021-01-20,1779,0,0,284,1952.0
2021-01-21,1883,0,0,283,1933.0
2021-01-22,1863,0,0,282,1842.0
2021-01-23,1652,0,0,281,1676.0
2021-01-24,1790,0,0,280,1829.0
2021-01-25,1888,0,0,279,1977.0
2021-01-26,1968,0,0,278,1925.0
2021-01-27,1830,0,0,277,1779.0
2021-01-28,1802,0,0,276,1883.0
2021-01-29,1632,0,0,275,1863.0
2021-01-30,1540,0,0,274,1652.0
2021-01-31,1676,0,0,273,1790.0
2021-02-01,1811,0,0,272,1888.0
2021-02-02,1807,0,0,271,1968.0
2021-02-03,1888,0,0,270,1830.0
2021-02-04,1972,0,0,269,1802.0
2021-02-05,1712,0,0,268,1632.0
2021-02-06,1660,0,0,267,1540.0
2021-02-07,1775,0,0,266,1676.0
2021-02-08,1829,0,0,265,1811.0
2021-02-09,2190,0,0,264,1807.0
2021-02-10,1912,0,0,263,1888.0
2021-02-11,2188,0,0,262,1972.0
2021-02-12,2162,0,0,261,1712.0
2021-02-13,2265,0,0,260,1660.0
2021-02-14,4366,0,0,259,1775.0
2021-02-15,2651,0,0,258,1829.0
2021-02-16,2267,0,0,257,2190.0
2021-02-17,2226,0,0,256,1912.0
2021-02-18,2009,0,0,255,2188.0
2021-02-19,1790,0,0,254,2162.0
2021-02-20,1773,0,0,253,2265.0
2021-02-21,1845,0,0,252,4366.0
2021-02-22,2020,0,0,251,2651.0
2021-02-23,1925,0,0,250,2267.0
2021-02-24,2131,0,0,249,2226.0
2021-02-25,2050,0,0,248,2009.0
2021-02-26,1905,0,0,247,1790.0
2021-02-27,1731,0,0,246,1773.0
2021-02-28,1744,0,0,245,1845.0
2021-03-01,2130,0,0,244,2020.0
2021-03-02,2029,0,0,243,1925.0
2021-03-03,2059,0,0,242,2131.0
2021-03-04,2379,0,0,241,2050.0
2021-03-05,1878,0,0,240,1905.0
2021-03-06,1887,0,0,239,1731.0
2021-03-07,1776,0,0,238,1744.0
2021-03-08,2094,0,0,237,2130.0
2021-03-09,1946,0,0,236,2029.0
2021-03-10,1942,0,0,235,2059.0
2021-03-11,1962,0,0,234,2379.0
2021-03-12,1899,0,0,233,1878.0
2021-03-13,1877,0,0,232,1887.0
2021-03-14,2012,0,0,231,1776.0
2021-03-15,2057,0,0,230,2094.0
2021-03-16,2206,0,0,229,1946.0
2021-03-17,3813,0,0,228,1942.0
2021-03-18,2486,0,0,227,1962.0
2021-03-19,1867,0,0,226,1899.0
2021-03-20,2138,0,0,225,1877.0
2021-03-21,2001,0,0,224,2012.0
2021-03-22,2212,0,0,223,2057.0
2021-03-23,2089,0,0,222,2206.0
2021-03-24,1927,0,0,221,3813.0
2021-03-25,2102,0,0,220,2486.0
2021-03-26,1925,0,0,219,1867.0
2021-03-27,1735,0,0,218,2138.0
2021-03-28,2060,0,0,217,2001.0
2021-03-29,2303,0,0,216,2212.0
2021-03-30,2070,0,0,215,2089.0
2021-03-31,2052,0,0,214,1927.0
2021-04-01,2287,0,0,213,2102.0
2021-04-02,2219,0,0,212,1925.0
2021-04-03,2065,0,0,211,1735.0
2021-04-04,2851,0,0,210,2060.0
2021-04-05,2230,0,0,209,2303.0
2021-04-06,2218,0,0,208,2070.0
2021-04-07,2068,0,0,207,2052.0
2021-04-08,1867,0,0,206,2287.0
2021-04-09,1661,0,0,205,2219.0
2021-04-10,1870,0,0,204,2065.0
2021-04-11,1866,0,0,203,2851.0
2021-04-12,2132,0,0,202,2230.0
2021-04-13,2106,0,0,201,2218.0
2021-04-14,2276,0,0,200,2068.0
2021-04-15,2178,0,0,199,1867.0
2021-04-16,1914,0,0,198,1661.0
2021-04-17,1987,0,0,197,1870.0
2021-04-18,1930,0,0,196,1866.0
2021-04-19,2023,0,0,195,2132.0
2021-04-20,2118,0,0,194,2106.0
2021-04-21,2136,0,0,193,2276.0
2021-04-22,2337,0,0,192,2178.0
2021-04-23,2037,0,0,191,1914.0
2021-04-24,1626,0,0,190,1987.0
2021-04-25,1740,0,0,189,1930.0
2021-04-26,1883,0,0,188,2023.0
2021-04-27,1857,0,0,187,2118.0
2021-04-28,1722,0,0,186,2136.0
2021-04-29,1806,0,0,185,2337.0
2021-04-30,1802,0,0,184,2037.0
2021-05-01,1947,0,0,183,1626.0
2021-05-02,1823,0,0,182,1740.0
2021-05-03,1827,0,0,181,1883.0
2021-05-04,1909,0,0,180,1857.0
2021-05-05,2107,0,0,179,1722.0
2021-05-06,1815,0,0,178,1806.0
2021-05-07,1711,0,0,177,1802.0
2021-05-08,1756,0,0,176,1947.0
2021-05-09,1858,0,0,175,1823.0
2021-05-10,1895,0,0,174,1827.0
2021-05-11,1845,0,0,173,1909.0
2021-05-12,1880,0,0,172,2107.0
2021-05-13,1953,0,0,171,1815.0
2021-05-14,1851,0,0,170,1711.0
2021-05-15,1589,0,0,169,1756.0
2021-05-16,1959,0,0,168,1858.0
2021-05-17,2100,0,0,167,1895.0
2021-05-18,1927,0,0,166,1845.0
2021-05-19,1803,0,0,165,1880.0
2021-05-20,1935,0,0,164,1953.0
2021-05-21,1738,0,0,163,1851.0
2021-05-22,1666,0,0,162,1589.0
2021-05-23,1745,0,0,161,1959.0
2021-05-24,2034,0,0,160,2100.0
2021-05-25,1921,0,0,159,1927.0
2021-05-26,2035,0,0,158,1803.0
2021-05-27,1823,0,0,157,1935.0
2021-05-28,1819,0,0,156,1738.0
2021-05-29,1678,0,0,155,1666.0
2021-05-30,2041,0,0,154,1745.0
2021-05-31,2067,0,0,153,2034.0
2021-06-01,1912,0,0,152,1921.0
2021-06-02,1934,0,0,151,2035.0
2021-06-03,1959,0,0,150,1823.0
2021-06-04,1694,0,0,149,1819.0
2021-06-05,1752,0,0,148,1678.0
2021-06-06,1718,0,0,147,2041.0
2021-06-07,1811,0,0,146,2067.0
2021-06-08,1750,0,0,145,1912.0
2021-06-09,1612,0,0,144,1934.0
2021-06-10,1741,0,0,143,1959.0
2021-06-11,1634,0,0,142,1694.0
2021-06-12,1573,0,0,141,1752.0
2021-06-13,1541,0,0,140,1718.0
2021-06-14,1691,0,0,139,1811.0
2021-06-15,1758,0,0,138,1750.0
2021-06-16,1776,0,0,137,1612.0
2021-06-17,1662,0,0,136,1741.0
2021-06-18,1749,0,0,135,1634.0
2021-06-19,1758,0,0,134,1573.0
2021-06-20,1981,0,0,133,1541.0
2021-06-21,3108,0,0,132,1691.0
2021-06-22,1974,0,0,131,1758.0
2021-06-23,1762,0,0,130,1776.0
2021-06-24,1741,0,0,129,1662.0
2021-06-25,2592,0,0,128,1749.0
2021-06-26,1928,0,0,127,1758.0
2021-06-27,1988,0,0,126,1981.0
2021-06-28,1969,0,0,125,3108.0
2021-06-29,2106,0,0,124,1974.0
2021-06-30,2036,0,0,123,1762.0
2021-07-01,2128,0,0,122,1741.0
2021-07-02,2193,0,0,121,2592.0
2021-07-03,2043,0,0,120,1928.0
2021-07-04,2389,0,0,119,1988.0
2021-07-05,2509,0,0,118,1969.0
2021-07-06,2361,0,0,117,2106.0
2021-07-07,2215,0,0,116,2036.0
2021-07-08,2173,0,0,115,2128.0
2021-07-09,2016,0,0,114,2193.0
2021-07-10,1943,0,0,113,2043.0
2021-07-11,2016,0,0,112,2389.0
2021-07-12,2143,0,0,111,2509.0
2021-07-13,2152,0,0,110,2361.0
2021-07-14,2147,0,0,109,2215.0
2021-07-15,2136,0,0,108,2173.0
2021-07-16,1987,0,0,107,2016.0
2021-07-17,1932,0,0,106,1943.0
2021-07-18,2127,0,0,105,2016.0
2021-07-19,2220,0,0,104,2143.0
2021-07-20,2247,0,0,103,2152.0
2021-07-21,2199,0,0,102,2147.0
2021-07-22,2252,0,0,101,2136.0
2021-07-23,2260,0,0,100,1987.0
2021-07-24,2099,0,0,99,1932.0
2021-07-25,2298,0,0,98,2127.0
2021-07-26,2286,0,0,97,2220.0
2021-07-27,2347,0,0,96,2247.0
2021-07-28,2465,0,0,95,2199.0
2021-07-29,2430,0,0,94,2252.0
2021-07-30,2291,0,0,93,2260.0
2021-07-31,2149,0,0,92,2099.0
2021-08-01,2448,0,0,91,2298.0
2021-08-02,2595,0,0,90,2286.0
2021-08-03,2582,0,0,89,2347.0
2021-08-04,2676,0,0,88,2465.0
2021-08-05,2572,0,0,87,2430.0
2021-08-06,2521,0,0,86,2291.0
2021-08-07,2470,0,0,85,2149.0
2021-08-08,2646,0,0,84,2448.0
2021-08-09,2819,0,0,83,2595.0
2021-08-10,2815,0,0,82,2582.0
2021-08-11,2845,0,0,81,2676.0
2021-08-12,2849,0,0,80,2572.0
2021-08-13,3202,0,0,79,2521.0
2021-08-14,2973,0,0,78,2470.0
2021-08-15,3216,0,0,77,2646.0
2021-08-16,3132,0,0,76,2819.0
2021-08-17,3235,0,0,75,2815.0
2021-08-18,3088,0,0,74,2845.0
2021-08-19,3353,0,0,73,2849.0
2021-08-20,3277,0,0,72,3202.0
2021-08-21,3280,0,0,71,2973.0
2021-08-22,3442,0,0,70,3216.0
2021-08-23,3607,0,0,69,3132.0
2021-08-24,3723,0,0,68,3235.0
2021-08-25,3615,0,0,67,3088.0
2021-08-26,3776,0,0,66,3353.0
2021-08-27,3578,0,0,65,3277.0
2021-08-28,3713,0,0,64,3280.0
2021-08-29,4157,0,0,63,3442.0
2021-08-30,4466,0,0,62,3607.0
2021-08-31,4537,0,0,61,3723.0
2021-09-01,4931,0,0,60,3615.0
2021-09-02,5255,0,0,59,3776.0
2021-09-03,5135,0,0,58,3578.0
2021-09-04,4975,0,0,57,3713.0
2021-09-05,5773,0,0,56,4157.0
2021-09-06,6341,0,0,55,4466.0
2021-09-07,6250,0,0,54,4537.0
2021-09-08,6001,0,0,53,4931.0
2021-09-09,6601,0,0,52,5255.0
2021-09-10,6359,0,0,51,5135.0
2021-09-11,6351,0,0,50,4975.0
2021-09-12,7331,0,0,49,5773.0
2021-09-13,7450,0,0,48,6341.0
2021-09-14,7610,0,0,47,6250.0
2021-09-15,7719,0,0,46,6001.0
2021-09-16,8173,0,0,45,6601.0
2021-09-17,7836,0,0,44,6359.0
2021-09-18,8273,0,0,43,6351.0
2021-09-19,10181,0,0,42,7331.0
2021-09-20,10822,0,0,41,7450.0
2021-09-21,11149,0,0,40,7610.0
2021-09-22,19443,0,0,39,7719.0
2021-09-23,14632,0,0,38,8173.0
2021-09-24,11748,0,0,37,7836.0
2021-09-25,11634,0,0,36,8273.0
2021-09-26,13167,0,0,35,10181.0
2021-09-27,13703,0,0,34,10822.0
2021-09-28,13554,0,0,33,11149.0
2021-09-29,14407,0,0,32,19443.0
2021-09-30,16824,0,0,31,14632.0
2021-10-01,22905,0,0,30,11748.0
2021-10-02,23969,0,0,29,11634.0
2021-10-03,24183,0,0,28,13167.0
2021-10-04,24608,0,0,27,13703.0
2021-10-05,24031,0,0,26,13554.0
2021-10-06,23909,0,0,25,14407.0
2021-10-07,24006,0,0,24,16824.0
2021-10-08,23195,0,0,23,22905.0
2021-10-09,22843,0,0,22,23969.0
2021-10-10,24646,0,0,21,24183.0
2021-10-11,25723,0,0,20,24608.0
2021-10-12,26107,0,0,19,24031.0
2021-10-13,27133,0,0,18,23909.0
2021-10-14,29250,0,0,17,24006.0
2021-10-15,30239,0,0,16,23195.0
2021-10-16,26796,0,0,15,22843.0
2021-10-17,30221,0,0,14,24646.0
2021-10-18,33443,0,0,13,25723.0
2021-10-19,32882,0,0,12,26107.0
2021-10-20,35724,0,0,11,27133.0
2021-10-21,35715,0,0,10,29250.0
2021-10-22,37244,0,0,9,30239.0
2021-10-23,39019,0,0,8,26796.0
2021-10-24,46015,0,1,7,30221.0
2021-10-25,55480,0,1,6,33443.0
2021-10-26,58511,0,1,5,32882.0
2021-10-27,67948,0,1,4,35724.0
2021-10-28,87238,0,1,3,35715.0
2021-10-29,132913,0,1,2,37244.0
2021-10-30,207562,0,1,1,39019.0
2021-10-31,589953,1,1,0,46015.0
2021-11-01,211225,0,0,0,55480.0
2021-11-02,65036,0,0,0,58511.0
2021-11-03,32471,0,0,0,67948.0
2021-11-04,20920,0,0,0,87238.0
2021-11-05,16282,0,0,0,132913.0
2021-11-06,13366,0,0,0,207562.0
2021-11-07,11251,0,0,0,589953.0
2021-11-08,9712,0,0,0,211225.0
2021-11-09,8225,0,0,0,65036.0
2021-11-10,7407,0,0,0,32471.0
2021-11-11,6915,0,0,0,20920.0
2021-11-12,5928,0,0,0,16282.0
2021-11-13,5271,0,0,0,13366.0
2021-11-14,5187,0,0,0,11251.0
2021-11-15,4868,0,0,0,9712.0
2021-11-16,4516,0,0,0,8225.0
2021-11-17,4393,0,0,0,7407.0
2021-11-18,4090,0,0,0,6915.0
2021-11-19,3737,0,0,0,5928.0
2021-11-20,3380,0,0,0,5271.0
2021-11-21,3524,0,0,0,5187.0
2021-11-22,3606,0,0,0,4868.0
2021-11-23,3503,0,0,0,4516.0
2021-11-24,3694,0,0,0,4393.0
2021-11-25,4573,0,0,0,4090.0
2021-11-26,3813,0,0,0,3737.0
2021-11-27,3188,0,0,0,3380.0
2021-11-28,3308,0,0,0,3524.0
2021-11-29,3236,0,0,0,3606.0
2021-11-30,3854,0,0,0,3503.0
2021-12-01,2996,0,0,0,3694.0
2021-12-02,2947,0,0,0,4573.0
2021-12-03,2721,0,0,0,3813.0
2021-12-04,2554,0,0,0,3188.0
2021-12-05,2744,0,0,0,3308.0
2021-12-06,2867,0,0,0,3236.0
2021-12-07,2878,0,0,0,3854.0
2021-12-08,2897,0,0,0,2996.0
2021-12-09,2709,0,0,0,2947.0
2021-12-10,2394,0,0,0,2721.0
2021-12-11,2374,0,0,0,2554.0
2021-12-12,2500,0,0,0,2744.0
2021-12-13,2478,0,0,0,2867.0
2021-12-14,3016,0,0,0,2878.0
2021-12-15,2547,0,0,0,2897.0
2021-12-16,2419,0,0,0,2709.0
2021-12-17,2238,0,0,0,2394.0
2021-12-18,1949,0,0,0,2374.0
2021-12-19,2177,0,0,0,2500.0
2021-12-20,2443,0,0,0,2478.0
2021-12-21,2424,0,0,0,3016.0
2021-12-22,2260,0,0,0,2547.0
2021-12-23,2408,0,0,0,2419.0
2021-12-24,2624,0,0,0,2238.0
2021-12-25,2731,0,0,0,1949.0
2021-12-26,2547,0,0,0,2177.0
2021-12-27,2063,0,0,0,2443.0
2021-12-28,2084,0,0,0,2424.0
2021-12-29,1872,0,0,0,2260.0
2021-12-30,2024,0,0,0,2408.0
2021-12-31,4550,0,0,0,2624.0
2022-01-01,2413,0,0,303,2731.0
2022-01-02,1899,0,0,302,2547.0
2022-01-03,1925,0,0,301,2063.0
2022-01-04,2015,0,0,300,2084.0
2022-01-05,2093,0,0,299,1872.0
2022-01-06,2071,0,0,298,2024.0
2022-01-07,1928,0,0,297,4550.0
2022-01-08,1954,0,0,296,2413.0
2022-01-09,2118,0,0,295,1899.0
2022-01-10,1957,0,0,294,1925.0
2022-01-11,2047,0,0,293,2015.0
2022-01-12,1941,0,0,292,2093.0
2022-01-13,1935,0,0,291,2071.0
2022-01-14,1945,0,0,290,1928.0
2022-01-15,1896,0,0,289,1954.0
2022-01-16,1986,0,0,288,2118.0
2022-01-17,2020,0,0,287,1957.0
2022-01-18,1948,0,0,286,2047.0
2022-01-19,1917,0,0,285,1941.0
2022-01-20,1767,0,0,284,1935.0
2022-01-21,1622,0,0,283,1945.0
2022-01-22,1666,0,0,282,1896.0
2022-01-23,1727,0,0,281,1986.0
2022-01-24,1767,0,0,280,2020.0
2022-01-25,1877,0,0,279,1948.0
2022-01-26,1963,0,0,278,1917.0
2022-01-27,2042,0,0,277,1767.0
2022-01-28,1846,0,0,276,1622.0
2022-01-29,1780,0,0,275,1666.0
2022-01-30,1782,0,0,274,1727.0
2022-01-31,2080,0,0,273,1767.0
2022-02-01,2144,0,0,272,1877.0
2022-02-02,1964,0,0,271,1963.0
2022-02-03,1860,0,0,270,2042.0
2022-02-04,1921,0,0,269,1846.0
2022-02-05,1715,0,0,268,1780.0
2022-02-06,1769,0,0,267,1782.0
2022-02-07,1819,0,0,266,2080.0
2022-02-08,1907,0,0,265,2144.0
2022-02-09,1891,0,0,264,1964.0
2022-02-10,2014,0,0,263,1860.0
2022-02-11,1947,0,0,262,1921.0
2022-02-12,1769,0,0,261,1715.0
2022-02-13,2080,0,0,260,1769.0
2022-02-14,2839,0,0,259,1819.0
2022-02-15,2223,0,0,258,1907.0
2022-02-16,2066,0,0,257,1891.0
2022-02-17,1906,0,0,256,2014.0
2022-02-18,1970,0,0,255,1947.0
2022-02-19,1911,0,0,254,1769.0
2022-02-20,1856,0,0,253,2080.0
2022-02-21,2294,0,0,252,2839.0
2022-02-22,2225,0,0,251,2223.0
2022-02-23,2506,0,0,250,2066.0
2022-02-24,2181,0,0,249,1906.0
2022-02-25,2022,0,0,248,1970.0
2022-02-26,1937,0,0,247,1911.0
2022-02-27,1942,0,0,246,1856.0
2022-02-28,2129,0,0,245,2294.0
2022-03-01,2217,0,0,244,2225.0
2022-03-02,2333,0,0,243,2506.0
2022-03-03,2040,0,0,242,2181.0
2022-03-04,2134,0,0,241,2022.0
2022-03-05,2114,0,0,240,1937.0
2022-03-06,2230,0,0,239,1942.0
2022-03-07,2088,0,0,238,2129.0
2022-03-08,2202,0,0,237,2217.0
2022-03-09,2091,0,0,236,2333.0
2022-03-10,2109,0,0,235,2040.0
2022-03-11,1956,0,0,234,2134.0
2022-03-12,1861,0,0,233,2114.0
2022-03-13,1964,0,0,232,2230.0
2022-03-14,2273,0,0,231,2088.0
2022-03-15,2164,0,0,230,2202.0
2022-03-16,2147,0,0,229,2091.0
2022-03-17,2564,0,0,228,2109.0
2022-03-18,2344,0,0,227,1956.0
2022-03-19,1882,0,0,226,1861.0
2022-03-20,2134,0,0,225,1964.0
2022-03-21,2136,0,0,224,2273.0
2022-03-22,1943,0,0,223,2164.0
2022-03-23,1927,0,0,222,2147.0
2022-03-24,2149,0,0,221,2564.0
2022-03-25,1917,0,0,220,2344.0
2022-03-26,1803,0,0,219,1882.0
2022-03-27,1894,0,0,218,2134.0
2022-03-28,1940,0,0,217,2136.0
2022-03-29,2086,0,0,216,1943.0
2022-03-30,2030,0,0,215,1927.0
2022-03-31,2007,0,0,214,2149.0
2022-04-01,2084,0,0,213,1917.0
2022-04-02,1924,0,0,212,1803.0
2022-04-03,1910,0,0,211,1894.0
2022-04-04,2057,0,0,210,1940.0
2022-04-05,2036,0,0,209,2086.0
2022-04-06,1968,0,0,208,2030.0
2022-04-07,1965,0,0,207,2007.0
2022-04-08,1896,0,0,206,2084.0
2022-04-09,1769,0,0,205,1924.0
2022-04-10,1783,0,0,204,1910.0
2022-04-11,2056,0,0,203,2057.0
2022-04-12,2074,0,0,202,2036.0
2022-04-13,1876,0,0,201,1968.0
2022-04-14,1888,0,0,200,1965.0
2022-04-15,1963,0,0,199,1896.0
2022-04-16,1926,0,0,198,1769.0
2022-04-17,2721,0,0,197,1783.0
2022-04-18,2339,0,0,196,2056.0
2022-04-19,2075,0,0,195,2074.0
2022-04-20,1997,0,0,194,1876.0
2022-04-21,1868,0,0,193,1888.0
2022-04-22,1663,0,0,192,1963.0
2022-04-23,1725,0,0,191,1926.0
2022-04-24,1739,0,0,190,2721.0
2022-04-25,1956,0,0,189,2339.0
2022-04-26,2126,0,0,188,2075.0
2022-04-27,1872,0,0,187,1997.0
2022-04-28,1814,0,0,186,1868.0
2022-04-29,1719,0,0,185,1663.0
2022-04-30,1653,0,0,184,1725.0
2022-05-01,1834,0,0,183,1739.0
2022-05-02,1924,0,0,182,1956.0
2022-05-03,2076,0,0,181,2126.0
2022-05-04,1834,0,0,180,1872.0
2022-05-05,2096,0,0,179,1814.0
2022-05-06,1976,0,0,178,1719.0
2022-05-07,1803,0,0,177,1653.0
2022-05-08,1877,0,0,176,1834.0
2022-05-09,2080,0,0,175,1924.0
2022-05-10,2015,0,0,174,2076.0
2022-05-11,1997,0,0,173,1834.0
2022-05-12,1888,0,0,172,2096.0
2022-05-13,2058,0,0,171,1976.0
2022-05-14,1704,0,0,170,1803.0
2022-05-15,1796,0,0,169,1877.0
2022-05-16,1885,0,0,168,2080.0
2022-05-17,2137,0,0,167,2015.0
2022-05-18,2050,0,0,166,1997.0
2022-05-19,2041,0,0,165,1888.0
2022-05-20,1975,0,0,164,2058.0
2022-05-21,1806,0,0,163,1704.0
2022-05-22,1939,0,0,162,1796.0
2022-05-23,2061,0,0,161,1885.0
2022-05-24,1963,0,0,160,2137.0
2022-05-25,1997,0,0,159,2050.0
2022-05-26,1918,0,0,158,2041.0
2022-05-27,1968,0,0,157,1975.0
2022-05-28,1727,0,0,156,1806.0
2022-05-29,1991,0,0,155,1939.0
2022-05-30,2100,0,0,154,2061.0
2022-05-31,1872,0,0,153,1963.0
2022-06-01,1920,0,0,152,1997.0
2022-06-02,2031,0,0,151,1918.0
2022-06-03,1807,0,0,150,1968.0
2022-06-04,1762,0,0,149,1727.0
2022-06-05,1831,0,0,148,1991.0
2022-06-06,2047,0,0,147,2100.0
2022-06-07,2048,0,0,146,1872.0
2022-06-08,1845,0,0,145,1920.0
2022-06-09,1933,0,0,144,2031.0
2022-06-10,1799,0,0,143,1807.0
2022-06-11,1731,0,0,142,1762.0
2022-06-12,1890,0,0,141,1831.0
2022-06-13,2001,0,0,140,2047.0
2022-06-14,1897,0,0,139,2048.0
2022-06-15,1811,0,0,138,1845.0
2022-06-16,1934,0,0,137,1933.0
2022-06-17,1873,0,0,136,1799.0
2022-06-18,1934,0,0,135,1731.0
2022-06-19,2080,0,0,134,1890.0
2022-06-20,2084,0,0,133,2001.0
2022-06-21,1986,0,0,132,1897.0
2022-06-22,2011,0,0,131,1811.0
2022-06-23,1826,0,0,130,1934.0
2022-06-24,1890,0,0,129,1873.0
2022-06-25,1855,0,0,128,1934.0
2022-06-26,1946,0,0,127,2080.0
2022-06-27,2039,0,0,126,2084.0
2022-06-28,2063,0,0,125,1986.0
2022-06-29,2037,0,0,124,2011.0
2022-06-30,1891,0,0,123,1826.0
2022-07-01,1953,0,0,122,1890.0
2022-07-02,1869,0,0,121,1855.0
2022-07-03,1965,0,0,120,1946.0
2022-07-04,2096,0,0,119,2039.0
2022-07-05,2102,0,0,118,2063.0
2022-07-06,2085,0,0,117,2037.0
2022-07-07,1992,0,0,116,1891.0
2022-07-08,1735,0,0,115,1953.0
2022-07-09,1936,0,0,114,1869.0
2022-07-10,2008,0,0,113,1965.0
2022-07-11,2220,0,0,112,2096.0
2022-07-12,2053,0,0,111,2102.0
2022-07-13,2084,0,0,110,2085.0
2022-07-14,2094,0,0,109,1992.0
2022-07-15,2106,0,0,108,1735.0
2022-07-16,2079,0,0,107,1936.0
2022-07-17,2195,0,0,106,2008.0
2022-07-18,2248,0,0,105,2220.0
2022-07-19,2215,0,0,104,2053.0
2022-07-20,3224,0,0,103,2084.0
2022-07-21,2871,0,0,102,2094.0
2022-07-22,2687,0,0,101,2106.0
2022-07-23,2526,0,0,100,2079.0
2022-07-24,2526,0,0,99,2195.0
2022-07-25,2684,0,0,98,2248.0
2022-07-26,2574,0,0,97,2215.0
2022-07-27,2717,0,0,96,3224.0
2022-07-28,2769,0,0,95,2871.0
2022-07-29,2536,0,0,94,2687.0
2022-07-30,2894,0,0,93,2526.0
2022-07-31,3155,0,0,92,2526.0
2022-08-01,3133,0,0,91,2684.0
2022-08-02,3447,0,0,90,2574.0
2022-08-03,2968,0,0,89,2717.0
2022-08-04,2869,0,0,88,2769.0
2022-08-05,2912,0,0,87,2536.0
2022-08-06,2861,0,0,86,2894.0
2022-08-07,3027,0,0,85,3155.0
2022-08-08,3211,0,0,84,3133.0
2022-08-09,3217,0,0,83,3447.0
2022-08-10,3199,0,0,82,2968.0
2022-08-11,3193,0,0,81,2869.0
2022-08-12,3248,0,0,80,2912.0
2022-08-13,3214,0,0,79,2861.0
2022-08-14,3533,0,0,78,3027.0
2022-08-15,3673,0,0,77,3211.0
2022-08-16,3710,0,0,76,3217.0
2022-08-17,4052,0,0,75,3199.0
2022-08-18,3781,0,0,74,3193.0
2022-08-19,3757,0,0,73,3248.0
2022-08-20,3780,0,0,72,3214.0
2022-08-21,4099,0,0,71,3533.0
2022-08-22,4317,0,0,70,3673.0
2022-08-23,4487,0,0,69,3710.0
2022-08-24,4737,0,0,68,4052.0
2022-08-25,4448,0,0,67,3781.0
2022-08-26,4428,0,0,66,3757.0
2022-08-27,4409,0,0,65,3780.0
2022-08-28,4961,0,0,64,4099.0
2022-08-29,4899,0,0,63,4317.0
2022-08-30,4979,0,0,62,4487.0
2022-08-31,4968,0,0,61,4737.0
2022-09-01,5508,0,0,60,4448.0
2022-09-02,5527,0,0,59,4428.0
2022-09-03,5523,0,0,58,4409.0
2022-09-04,6317,0,0,57,4961.0
2022-09-05,7386,0,0,56,4899.0
2022-09-06,6827,0,0,55,4979.0
2022-09-07,6778,0,0,54,4968.0
2022-09-08,7263,0,0,53,5508.0
2022-09-09,7164,0,0,52,5527.0
2022-09-10,7655,0,0,51,5523.0
2022-09-11,8560,0,0,50,6317.0
2022-09-12,8378,0,0,49,7386.0
2022-09-13,8597,0,0,48,6827.0
2022-09-14,8315,0,0,47,6778.0
2022-09-15,8722,0,0,46,7263.0
2022-09-16,8932,0,0,45,7164.0
2022-09-17,9373,0,0,44,7655.0
2022-09-18,10963,0,0,43,8560.0
2022-09-19,11325,0,0,42,8378.0
2022-09-20,11798,0,0,41,8597.0
2022-09-21,12883,0,0,40,8315.0
2022-09-22,12784,0,0,39,8722.0
2022-09-23,12359,0,0,38,8932.0
2022-09-24,12943,0,0,37,9373.0
2022-09-25,15807,0,0,36,10963.0
2022-09-26,15712,0,0,35,11325.0
2022-09-27,16153,0,0,34,11798.0
2022-09-28,16006,0,0,33,12883.0
2022-09-29,16956,0,0,32,12784.0
2022-09-30,20755,0,0,31,12359.0
2022-10-01,28391,0,0,30,12943.0
2022-10-02,29979,0,0,29,15807.0
2022-10-03,28091,0,0,28,15712.0
2022-10-04,27229,0,0,27,16153.0
2022-10-05,28551,0,0,26,16006.0
2022-10-06,28873,0,0,25,16956.0
2022-10-07,28923,0,0,24,20755.0
2022-10-08,29885,0,0,23,28391.0
2022-10-09,32104,0,0,22,29979.0
2022-10-10,35082,0,0,21,28091.0
2022-10-11,34355,0,0,20,27229.0
2022-10-12,36217,0,0,19,28551.0
2022-10-13,41826,0,0,18,28873.0
2022-10-14,49623,0,0,17,28923.0
2022-10-15,46843,0,0,16,29885.0
2022-10-16,48416,0,0,15,32104.0
2022-10-17,51860,0,0,14,35082.0
2022-10-18,48007,0,0,13,34355.0
2022-10-19,47973,0,0,12,36217.0
2022-10-20,51922,0,0,11,41826.0
2022-10-21,56298,0,0,10,49623.0
2022-10-22,57172,0,0,9,46843.0
2022-10-23,62536,0,0,8,48416.0
2022-10-24,69310,0,1,7,51860.0
2022-10-25,74592,0,1,6,48007.0
2022-10-26,82527,0,1,5,47973.0
2022-10-27,98272,0,1,4,51922.0
2022-10-28,137412,0,1,3,56298.0
2022-10-29,203710,0,1,2,57172.0
2022-10-30,373368,0,1,1,62536.0
2022-10-31,558327,1,1,0,69310.0
2022-11-01,265501,0,0,0,74592.0
2022-11-02,104978,0,0,0,82527.0
2022-11-03,53958,0,0,0,98272.0
2022-11-04,35539,0,0,0,137412.0
2022-11-05,27648,0,0,0,203710.0
2022-11-06,22483,0,0,0,373368.0
2022-11-07,18204,0,0,0,558327.0
2022-11-08,14835,0,0,0,265501.0
2022-11-09,12138,0,0,0,104978.0
2022-11-10,10456,0,0,0,53958.0
2022-11-11,9998,0,0,0,35539.0
2022-11-12,9035,0,0,0,27648.0
2022-11-13,8637,0,0,0,22483.0
2022-11-14,7777,0,0,0,18204.0
2022-11-15,6753,0,0,0,14835.0
2022-11-16,6569,0,0,0,12138.0
2022-11-17,6130,0,0,0,10456.0
2022-11-18,5721,0,0,0,9998.0
2022-11-19,5446,0,0,0,9035.0
2022-11-20,5473,0,0,0,8637.0
2022-11-21,5210,0,0,0,7777.0
2022-11-22,5168,0,0,0,6753.0
2022-11-23,5172,0,0,0,6569.0
2022-11-24,5709,0,0,0,6130.0
2022-11-25,5201,0,0,0,5721.0
2022-11-26,4550,0,0,0,5446.0
2022-11-27,4772,0,0,0,5473.0
2022-11-28,4619,0,0,0,5210.0
2022-11-29,4222,0,0,0,5168.0
2022-11-30,4213,0,0,0,5172.0
2022-12-01,3836,0,0,0,5709.0
2022-12-02,2953,0,0,0,5201.0
2022-12-03,2641,0,0,0,4550.0
2022-12-04,3066,0,0,0,4772.0
2022-12-05,3195,0,0,0,4619.0
2022-12-06,3068,0,0,0,4222.0
2022-12-07,2987,0,0,0,4213.0
2022-12-08,2737,0,0,0,3836.0
2022-12-09,2578,0,0,0,2953.0
2022-12-10,2684,0,0,0,2641.0
2022-12-11,2860,0,0,0,3066.0
2022-12-12,3197,0,0,0,3195.0
2022-12-13,2997,0,0,0,3068.0
2022-12-14,2977,0,0,0,2987.0
2022-12-15,2779,0,0,0,2737.0
2022-12-16,2619,0,0,0,2578.0
2022-12-17,2564,0,0,0,2684.0
2022-12-18,2532,0,0,0,2860.0
2022-12-19,2565,0,0,0,3197.0
2022-12-20,2597,0,0,0,2997.0
2022-12-21,2682,0,0,0,2977.0
2022-12-22,2611,0,0,0,2779.0
2022-12-23,2342,0,0,0,2619.0
2022-12-24,2786,0,0,0,2564.0
2022-12-25,3048,0,0,0,2532.0
2022-12-26,2624,0,0,0,2565.0
2022-12-27,2353,0,0,0,2597.0
2022-12-28,2242,0,0,0,2682.0
2022-12-29,2247,0,0,0,2611.0
2022-12-30,2257,0,0,0,2342.0
2022-12-31,2379,0,0,0,2786.0
2023-01-01,2850,0,0,303,3048.0
2023-01-02,2191,0,0,302,2624.0
2023-01-03,2319,0,0,301,2353.0
2023-01-04,2374,0,0,300,2242.0
2023-01-05,2311,0,0,299,2247.0
2023-01-06,2179,0,0,298,2257.0
2023-01-07,2034,0,0,297,2379.0
2023-01-08,2171,0,0,296,2850.0
2023-01-09,2283,0,0,295,2191.0
2023-01-10,2351,0,0,294,2319.0
2023-01-11,2166,0,0,293,2374.0
2023-01-12,2268,0,0,292,2311.0
2023-01-13,2422,0,0,291,2179.0
2023-01-14,2275,0,0,290,2034.0
2023-01-15,2192,0,0,289,2171.0
2023-01-16,2120,0,0,288,2283.0
2023-01-17,2280,0,0,287,2351.0
2023-01-18,2172,0,0,286,2166.0
2023-01-19,2146,0,0,285,2268.0
2023-01-20,2116,0,0,284,2422.0
2023-01-21,2104,0,0,283,2275.0
2023-01-22,2198,0,0,282,2192.0
2023-01-23,2138,0,0,281,2120.0
2023-01-24,2376,0,0,280,2280.0
2023-01-25,2423,0,0,279,2172.0
2023-01-26,2404,0,0,278,2146.0
2023-01-27,2287,0,0,277,2116.0
2023-01-28,2296,0,0,276,2104.0
2023-01-29,2321,0,0,275,2198.0
2023-01-30,2295,0,0,274,2138.0
2023-01-31,2183,0,0,273,2376.0
2023-02-01,2041,0,0,272,2423.0
2023-02-02,2076,0,0,271,2404.0
2023-02-03,2107,0,0,270,2287.0
2023-02-04,2025,0,0,269,2296.0
2023-02-05,2314,0,0,268,2321.0
2023-02-06,2167,0,0,267,2295.0
2023-02-07,2282,0,0,266,2183.0
2023-02-08,2110,0,0,265,2041.0
2023-02-09,2517,0,0,264,2076.0
2023-02-10,2303,0,0,263,2107.0
2023-02-11,2349,0,0,262,2025.0
2023-02-12,2598,0,0,261,2314.0
2023-02-13,3918,0,0,260,2167.0
2023-02-14,11073,0,0,259,2282.0
2023-02-15,3408,0,0,258,2110.0
2023-02-16,2699,0,0,257,2517.0
2023-02-17,2516,0,0,256,2303.0
2023-02-18,2474,0,0,255,2349.0
2023-02-19,2457,0,0,254,2598.0
2023-02-20,2595,0,0,253,3918.0
2023-02-21,2401,0,0,252,11073.0
2023-02-22,2386,0,0,251,3408.0
2023-02-23,2417,0,0,250,2699.0
2023-02-24,2042,0,0,249,2516.0
2023-02-25,2178,0,0,248,2474.0
2023-02-26,2176,0,0,247,2457.0
2023-02-27,2180,0,0,246,2595.0
2023-02-28,2328,0,0,245,2401.0
2023-03-01,2341,0,0,244,2386.0
2023-03-02,2268,0,0,243,2417.0
2023-03-03,2092,0,0,242,2042.0
2023-03-04,2192,0,0,241,2178.0
2023-03-05,2484,0,0,240,2176.0
2023-03-06,2695,0,0,239,2180.0
2023-03-07,2737,0,0,238,2328.0
2023-03-08,3368,0,0,237,2341.0
2023-03-09,2541,0,0,236,2268.0
2023-03-10,2461,0,0,235,2092.0
2023-03-11,2240,0,0,234,2192.0
2023-03-12,2377,0,0,233,2484.0
2023-03-13,2700,0,0,232,2695.0
2023-03-14,2447,0,0,231,2737.0
2023-03-15,2490,0,0,230,3368.0
2023-03-16,2470,0,0,229,2541.0
2023-03-17,4126,0,0,228,2461.0
2023-03-18,2706,0,0,227,2240.0
2023-03-19,2749,0,0,226,2377.0
2023-03-20,2516,0,0,225,2700.0
2023-03-21,2315,0,0,224,2447.0
2023-03-22,2197,0,0,223,2490.0
2023-03-23,2241,0,0,222,2470.0
2023-03-24,2091,0,0,221,4126.0
2023-03-25,2028,0,0,220,2706.0
2023-03-26,2135,0,0,219,2749.0
2023-03-27,2141,0,0,218,2516.0
2023-03-28,2150,0,0,217,2315.0
2023-03-29,2215,0,0,216,2197.0
2023-03-30,2216,0,0,215,2241.0
2023-03-31,2299,0,0,214,2091.0
2023-04-01,2262,0,0,213,2028.0
2023-04-02,2381,0,0,212,2135.0
2023-04-03,2159,0,0,211,2141.0
2023-04-04,2084,0,0,210,2150.0
2023-04-05,1746,0,0,209,2215.0
2023-04-06,1861,0,0,208,2216.0
2023-04-07,1941,0,0,207,2299.0
2023-04-08,1940,0,0,206,2262.0
2023-04-09,2453,0,0,205,2381.0
2023-04-10,2105,0,0,204,2159.0
2023-04-11,1731,0,0,203,2084.0
2023-04-12,1674,0,0,202,1746.0
2023-04-13,1743,0,0,201,1861.0
2023-04-14,1588,0,0,200,1941.0
2023-04-15,1564,0,0,199,1940.0
2023-04-16,1638,0,0,198,2453.0
2023-04-17,1689,0,0,197,2105.0
2023-04-18,1611,0,0,196,1731.0
2023-04-19,1771,0,0,195,1674.0
2023-04-20,1995,0,0,194,1743.0
2023-04-21,1980,0,0,193,1588.0
2023-04-22,1948,0,0,192,1564.0
2023-04-23,1976,0,0,191,1638.0
2023-04-24,1983,0,0,190,1689.0
2023-04-25,1980,0,0,189,1611.0
2023-04-26,2046,0,0,188,1771.0
2023-04-27,2054,0,0,187,1995.0
2023-04-28,1881,0,0,186,1980.0
2023-04-29,1890,0,0,185,1948.0
2023-04-30,2052,0,0,184,1976.0
2023-05-01,2518,0,0,183,1983.0
2023-05-02,2074,0,0,182,1980.0
2023-05-03,2102,0,0,181,2046.0
2023-05-04,2145,0,0,180,2054.0
2023-05-05,2069,0,0,179,1881.0
2023-05-06,1949,0,0,178,1890.0
2023-05-07,1928,0,0,177,2052.0
2023-05-08,2011,0,0,176,2518.0
2023-05-09,2042,0,0,175,2074.0
2023-05-10,1971,0,0,174,2102.0
2023-05-11,2021,0,0,173,2145.0
2023-05-12,1820,0,0,172,2069.0
2023-05-13,2006,0,0,171,1949.0
2023-05-14,2164,0,0,170,1928.0
2023-05-15,2023,0,0,169,2011.0
2023-05-16,2075,0,0,168,2042.0
2023-05-17,2198,0,0,167,1971.0
2023-05-18,2081,0,0,166,2021.0
2023-05-19,2063,0,0,165,1820.0
2023-05-20,2068,0,0,164,2006.0
2023-05-21,1985,0,0,163,2164.0
2023-05-22,1967,0,0,162,2023.0
2023-05-23,1923,0,0,161,2075.0
2023-05-24,2102,0,0,160,2198.0
2023-05-25,1962,0,0,159,2081.0
2023-05-26,1935,0,0,158,2063.0
2023-05-27,1784,0,0,157,2068.0
2023-05-28,1979,0,0,156,1985.0
2023-05-29,2048,0,0,155,1967.0
2023-05-30,2004,0,0,154,1923.0
2023-05-31,1939,0,0,153,2102.0
2023-06-01,1964,0,0,152,1962.0
2023-06-02,1770,0,0,151,1935.0
2023-06-03,1978,0,0,150,1784.0
2023-06-04,2059,0,0,149,1979.0
2023-06-05,2004,0,0,148,2048.0
2023-06-06,2027,0,0,147,2004.0
2023-06-07,1970,0,0,146,1939.0
2023-06-08,1855,0,0,145,1964.0
2023-06-09,1876,0,0,144,1770.0
2023-06-10,1895,0,0,143,1978.0
2023-06-11,1937,0,0,142,2059.0
2023-06-12,2037,0,0,141,2004.0
2023-06-13,1925,0,0,140,2027.0
2023-06-14,1987,0,0,139,1970.0
2023-06-15,1785,0,0,138,1855.0
2023-06-16,1874,0,0,137,1876.0
2023-06-17,1862,0,0,136,1895.0
2023-06-18,2046,0,0,135,1937.0
2023-06-19,1937,0,0,134,2037.0
2023-06-20,1836,0,0,133,1925.0
2023-06-21,1941,0,0,132,1987.0
2023-06-22,1794,0,0,131,1785.0
2023-06-23,1987,0,0,130,1874.0
2023-06-24,1709,0,0,129,1862.0
2023-06-25,1966,0,0,128,2046.0
2023-06-26,1894,0,0,127,1937.0
2023-06-27,2053,0,0,126,1836.0
2023-06-28,2158,0,0,125,1941.0
2023-06-29,2157,0,0,124,1794.0
2023-06-30,1966,0,0,123,1987.0
2023-07-01,1988,0,0,122,1709.0
2023-07-02,2410,0,0,121,1966.0
2023-07-03,2249,0,0,120,1894.0
2023-07-04,2344,0,0,119,2053.0
2023-07-05,2222,0,0,118,2158.0
2023-07-06,2130,0,0,117,2157.0
2023-07-07,2146,0,0,116,1966.0
2023-07-08,2117,0,0,115,1988.0
2023-07-09,2270,0,0,114,2410.0
2023-07-10,2325,0,0,113,2249.0
2023-07-11,2100,0,0,112,2344.0
2023-07-12,2522,0,0,111,2222.0
2023-07-13,2377,0,0,110,2130.0
2023-07-14,2169,0,0,109,2146.0
2023-07-15,2035,0,0,108,2117.0
2023-07-16,2277,0,0,107,2270.0
2023-07-17,2278,0,0,106,2325.0
2023-07-18,2231,0,0,105,2100.0
2023-07-19,2234,0,0,104,2522.0
2023-07-20,2211,0,0,103,2377.0
2023-07-21,2123,0,0,102,2169.0
2023-07-22,2241,0,0,101,2035.0
2023-07-23,2447,0,0,100,2277.0
2023-07-24,2617,0,0,99,2278.0
2023-07-25,2522,0,0,98,2231.0
2023-07-26,2542,0,0,97,2234.0
2023-07-27,2357,0,0,96,2211.0
2023-07-28,2457,0,0,95,2123.0
2023-07-29,2241,0,0,94,2241.0
2023-07-30,2428,0,0,93,2447.0
2023-07-31,2437,0,0,92,2617.0
2023-08-01,2545,0,0,91,2522.0
2023-08-02,2516,0,0,90,2542.0
2023-08-03,2657,0,0,89,2357.0
2023-08-04,2530,0,0,88,2457.0
2023-08-05,2545,0,0,87,2241.0
2023-08-06,2700,0,0,86,2428.0
2023-08-07,2719,0,0,85,2437.0
2023-08-08,2611,0,0,84,2545.0
2023-08-09,2662,0,0,83,2516.0
2023-08-10,2681,0,0,82,2657.0
2023-08-11,2626,0,0,81,2530.0
2023-08-12,2719,0,0,80,2545.0
2023-08-13,2815,0,0,79,2700.0
2023-08-14,2964,0,0,78,2719.0
2023-08-15,3067,0,0,77,2611.0
2023-08-16,3032,0,0,76,2662.0
2023-08-17,3177,0,0,75,2681.0
2023-08-18,3057,0,0,74,2626.0
2023-08-19,3139,0,0,73,2719.0
2023-08-20,3266,0,0,72,2815.0
2023-08-21,3464,0,0,71,2964.0
2023-08-22,3479,0,0,70,3067.0
2023-08-23,3544,0,0,69,3032.0
2023-08-24,3794,0,0,68,3177.0
2023-08-25,3813,0,0,67,3057.0
2023-08-26,3602,0,0,66,3139.0
2023-08-27,3973,0,0,65,3266.0
2023-08-28,4122,0,0,64,3464.0
2023-08-29,4356,0,0,63,3479.0
2023-08-30,4410,0,0,62,3544.0
2023-08-31,4490,0,0,61,3794.0
2023-09-01,5156,0,0,60,3813.0
2023-09-02,4479,0,0,59,3602.0
2023-09-03,4865,0,0,58,3973.0
2023-09-04,5209,0,0,57,4122.0
2023-09-05,5133,0,0,56,4356.0
2023-09-06,4910,0,0,55,4410.0
2023-09-07,5238,0,0,54,4490.0
2023-09-08,5318,0,0,53,5156.0
2023-09-09,5065,0,0,52,4479.0
2023-09-10,5639,0,0,51,4865.0
2023-09-11,5998,0,0,50,5209.0
2023-09-12,5913,0,0,49,5133.0
2023-09-13,6169,0,0,48,4910.0
2023-09-14,6221,0,0,47,5238.0
2023-09-15,6675,0,0,46,5318.0
2023-09-16,6905,0,0,45,5065.0
2023-09-17,7510,0,0,44,5639.0
2023-09-18,7945,0,0,43,5998.0
2023-09-19,7900,0,0,42,5913.0
2023-09-20,7999,0,0,41,6169.0
2023-09-21,8400,0,0,40,6221.0
2023-09-22,8272,0,0,39,6675.0
2023-09-23,8321,0,0,38,6905.0
2023-09-24,9556,0,0,37,7510.0
2023-09-25,9771,0,0,36,7945.0
2023-09-26,10098,0,0,35,7900.0
2023-09-27,10320,0,0,34,7999.0
2023-09-28,10864,0,0,33,8400.0
2023-09-29,11338,0,0,32,8272.0
2023-09-30,12342,0,0,31,8321.0
2023-10-01,18452,0,0,30,9556.0
2023-10-02,22154,0,0,29,9771.0
2023-10-03,18738,0,0,28,10098.0
2023-10-04,19478,0,0,27,10320.0
2023-10-05,18692,0,0,26,10864.0
2023-10-06,18423,0,0,25,11338.0
2023-10-07,18176,0,0,24,12342.0
2023-10-08,19492,0,0,23,18452.0
2023-10-09,21073,0,0,22,22154.0
2023-10-10,21591,0,0,21,18738.0
2023-10-11,21699,0,0,20,19478.0
2023-10-12,22845,0,0,19,18692.0
2023-10-13,25595,0,0,18,18423.0
2023-10-14,23657,0,0,17,18176.0
2023-10-15,25732,0,0,16,19492.0
2023-10-16,26960,0,0,15,21073.0
2023-10-17,27540,0,0,14,21591.0
2023-10-18,29117,0,0,13,21699.0
2023-10-19,30096,0,0,12,22845.0
2023-10-20,33345,0,0,11,25595.0
2023-10-21,32805,0,0,10,23657.0
2023-10-22,36814,0,0,9,25732.0
2023-10-23,43102,0,0,8,26960.0
2023-10-24,47026,0,1,7,27540.0
2023-10-25,53961,0,1,6,29117.0
2023-10-26,63075,0,1,5,30096.0
2023-10-27,78124,0,1,4,33345.0
2023-10-28,90677,0,1,3,32805.0
2023-10-29,105651,0,1,2,36814.0
2023-10-30,169424,0,1,1,43102.0
2023-10-31,439669,1,1,0,47026.0
2023-11-01,198312,0,0,0,53961.0
2023-11-02,62511,0,0,0,63075.0
2023-11-03,34229,0,0,0,78124.0
2023-11-04,23489,0,0,0,90677.0
2023-11-05,19526,0,0,0,105651.0
2023-11-06,15750,0,0,0,169424.0
2023-11-07,12150,0,0,0,439669.0
2023-11-08,10441,0,0,0,198312.0
2023-11-09,8951,0,0,0,62511.0
2023-11-10,7653,0,0,0,34229.0
2023-11-11,7519,0,0,0,23489.0
2023-11-12,7242,0,0,0,19526.0
2023-11-13,7020,0,0,0,15750.0
2023-11-14,6489,0,0,0,12150.0
2023-11-15,5759,0,0,0,10441.0
2023-11-16,5092,0,0,0,8951.0
2023-11-17,5079,0,0,0,7653.0
2023-11-18,4503,0,0,0,7519.0
2023-11-19,4765,0,0,0,7242.0
2023-11-20,4601,0,0,0,7020.0
2023-11-21,4594,0,0,0,6489.0
2023-11-22,4717,0,0,0,5759.0
2023-11-23,5676,0,0,0,5092.0
2023-11-24,5085,0,0,0,5079.0
2023-11-25,4572,0,0,0,4503.0
2023-11-26,4411,0,0,0,4765.0
2023-11-27,3652,0,0,0,4601.0
2023-11-28,3572,0,0,0,4594.0
2023-11-29,3502,0,0,0,4717.0
2023-11-30,3819,0,0,0,5676.0
2023-12-01,3355,0,0,0,5085.0
2023-12-02,3157,0,0,0,4572.0
2023-12-03,3343,0,0,0,4411.0
2023-12-04,3070,0,0,0,3652.0
2023-12-05,3175,0,0,0,3572.0
2023-12-06,3148,0,0,0,3502.0
2023-12-07,3123,0,0,0,3819.0
2023-12-08,2971,0,0,0,3355.0
2023-12-09,2633,0,0,0,3157.0
2023-12-10,2670,0,0,0,3343.0
2023-12-11,3058,0,0,0,3070.0
2023-12-12,3173,0,0,0,3175.0
2023-12-13,2937,0,0,0,3148.0
2023-12-14,2850,0,0,0,3123.0
2023-12-15,2914,0,0,0,2971.0
2023-12-16,2682,0,0,0,2633.0
2023-12-17,2763,0,0,0,2670.0
2023-12-18,2878,0,0,0,3058.0
2023-12-19,2817,0,0,0,3173.0
2023-12-20,2698,0,0,0,2937.0
2023-12-21,2689,0,0,0,2850.0
2023-12-22,2781,0,0,0,2914.0
2023-12-23,2886,0,0,0,2682.0
2023-12-24,4488,0,0,0,2763.0
2023-12-25,5053,0,0,0,2878.0
2023-12-26,3119,0,0,0,2817.0
2023-12-27,2551,0,0,0,2698.0
2023-12-28,2419,0,0,0,2689.0
2023-12-29,2391,0,0,0,2781.0
2023-12-30,2242,0,0,0,2886.0
2023-12-31,3494,0,0,0,4488.0
2024-01-01,3687,0,0,304,5053.0
2024-01-02,2600,0,0,303,3119.0
2024-01-03,2299,0,0,302,2551.0
2024-01-04,2332,0,0,301,2419.0
2024-01-05,2224,0,0,300,2391.0
2024-01-06,2256,0,0,299,2242.0
2024-01-07,2408,0,0,298,3494.0
2024-01-08,2450,0,0,297,3687.0
2024-01-09,2573,0,0,296,2600.0
2024-01-10,2438,0,0,295,2299.0
2024-01-11,2454,0,0,294,2332.0
2024-01-12,2334,0,0,293,2224.0
2024-01-13,2284,0,0,292,2256.0
2024-01-14,2314,0,0,291,2408.0
2024-01-15,2448,0,0,290,2450.0
2024-01-16,2579,0,0,289,2573.0
2024-01-17,2415,0,0,288,2438.0
2024-01-18,2435,0,0,287,2454.0
2024-01-19,2240,0,0,286,2334.0
2024-01-20,2118,0,0,285,2284.0
2024-01-21,2270,0,0,284,2314.0
2024-01-22,2257,0,0,283,2448.0
2024-01-23,2335,0,0,282,2579.0
2024-01-24,2403,0,0,281,2415.0
2024-01-25,2478,0,0,280,2435.0
2024-01-26,2626,0,0,279,2240.0
2024-01-27,2142,0,0,278,2118.0
2024-01-28,2271,0,0,277,2270.0
2024-01-29,2382,0,0,276,2257.0
2024-01-30,2263,0,0,275,2335.0
2024-01-31,2269,0,0,274,2403.0
2024-02-01,2194,0,0,273,2478.0
2024-02-02,2146,0,0,272,2626.0
2024-02-03,2009,0,0,271,2142.0
2024-02-04,2128,0,0,270,2271.0
2024-02-05,2217,0,0,269,2382.0
2024-02-06,2135,0,0,268,2263.0
2024-02-07,2403,0,0,267,2269.0
2024-02-08,2176,0,0,266,2194.0
2024-02-09,2194,0,0,265,2146.0
2024-02-10,2174,0,0,264,2009.0
2024-02-11,2296,0,0,263,2128.0
2024-02-12,2323,0,0,262,2217.0
2024-02-13,2859,0,0,261,2135.0
2024-02-14,3988,0,0,260,2403.0
2024-02-15,2652,0,0,259,2176.0
2024-02-16,2134,0,0,258,2194.0
2024-02-17,1993,0,0,257,2174.0
2024-02-18,2061,0,0,256,2296.0
2024-02-19,1985,0,0,255,2323.0
2024-02-20,1990,0,0,254,2859.0
2024-02-21,1954,0,0,253,3988.0
2024-02-22,2063,0,0,252,2652.0
2024-02-23,1974,0,0,251,2134.0
2024-02-24,1973,0,0,250,1993.0
2024-02-25,2140,0,0,249,2061.0
2024-02-26,2271,0,0,248,1985.0
2024-02-27,2065,0,0,247,1990.0
2024-02-28,2017,0,0,246,1954.0
2024-02-29,2509,0,0,245,2063.0
2024-03-01,2471,0,0,244,1974.0
2024-03-02,2154,0,0,243,1973.0
2024-03-03,2382,0,0,242,2140.0
2024-03-04,2633,0,0,241,2271.0
2024-03-05,2645,0,0,240,2065.0
2024-03-06,2842,0,0,239,2017.0
2024-03-07,2363,0,0,238,2509.0
2024-03-08,2993,0,0,237,2471.0
2024-03-09,2424,0,0,236,2154.0
2024-03-10,2403,0,0,235,2382.0
2024-03-11,2581,0,0,234,2633.0
2024-03-12,2621,0,0,233,2645.0
2024-03-13,2636,0,0,232,2842.0
2024-03-14,2070,0,0,231,2363.0
2024-03-15,2399,0,0,230,2993.0
2024-03-16,2516,0,0,229,2424.0
2024-03-17,2959,0,0,228,2403.0
2024-03-18,2479,0,0,227,2581.0
2024-03-19,2848,0,0,226,2621.0
2024-03-20,2272,0,0,225,2636.0
2024-03-21,2211,0,0,224,2070.0
2024-03-22,2277,0,0,223,2399.0
2024-03-23,2195,0,0,222,2516.0
2024-03-24,2428,0,0,221,2959.0
2024-03-25,2520,0,0,220,2479.0
2024-03-26,2307,0,0,219,2848.0
2024-03-27,2220,0,0,218,2272.0
2024-03-28,2696,0,0,217,2211.0
2024-03-29,2194,0,0,216,2277.0
2024-03-30,2262,0,0,215,2195.0
2024-03-31,2986,0,0,214,2428.0
2024-04-01,2734,0,0,213,2520.0
2024-04-02,2020,0,0,212,2307.0
2024-04-03,2008,0,0,211,2220.0
2024-04-04,1975,0,0,210,2696.0
2024-04-05,1892,0,0,209,2194.0
2024-04-06,1911,0,0,208,2262.0
2024-04-07,1846,0,0,207,2986.0
2024-04-08,1938,0,0,206,2734.0
2024-04-09,1958,0,0,205,2020.0
2024-04-10,1882,0,0,204,2008.0
2024-04-11,1923,0,0,203,1975.0
2024-04-12,1833,0,0,202,1892.0
2024-04-13,1688,0,0,201,1911.0
2024-04-14,1754,0,0,200,1846.0
2024-04-15,2119,0,0,199,1938.0
2024-04-16,1797,0,0,198,1958.0
2024-04-17,1792,0,0,197,1882.0
2024-04-18,1923,0,0,196,1923.0
2024-04-19,1942,0,0,195,1833.0
2024-04-20,2467,0,0,194,1688.0
2024-04-21,2077,0,0,193,1754.0
2024-04-22,2192,0,0,192,2119.0
2024-04-23,2132,0,0,191,1797.0
2024-04-24,2039,0,0,190,1792.0
2024-04-25,1963,0,0,189,1923.0
2024-04-26,1843,0,0,188,1942.0
2024-04-27,1743,0,0,187,2467.0
2024-04-28,1898,0,0,186,2077.0
2024-04-29,1975,0,0,185,2192.0
2024-04-30,2398,0,0,184,2132.0
2024-05-01,2428,0,0,183,2039.0
2024-05-02,2054,0,0,182,1963.0
2024-05-03,2027,0,0,181,1843.0
2024-05-04,2062,0,0,180,1743.0
2024-05-05,2045,0,0,179,1898.0
2024-05-06,2360,0,0,178,1975.0
2024-05-07,1952,0,0,177,2398.0
2024-05-08,2039,0,0,176,2428.0
2024-05-09,2027,0,0,175,2054.0
2024-05-10,1670,0,0,174,2027.0
2024-05-11,1541,0,0,173,2062.0
2024-05-12,1910,0,0,172,2045.0
2024-05-13,1853,0,0,171,2360.0
2024-05-14,1702,0,0,170,1952.0
2024-05-15,1757,0,0,169,2039.0
2024-05-16,1779,0,0,168,2027.0
2024-05-17,1635,0,0,167,1670.0
2024-05-18,1511,0,0,166,1541.0
2024-05-19,1649,0,0,165,1910.0
2024-05-20,1753,0,0,164,1853.0
2024-05-21,1661,0,0,163,1702.0
2024-05-22,1594,0,0,162,1757.0
2024-05-23,1586,0,0,161,1779.0
2024-05-24,1522,0,0,160,1635.0
2024-05-25,1528,0,0,159,1511.0
2024-05-26,1634,0,0,158,1649.0
2024-05-27,1964,0,0,157,1753.0
2024-05-28,1801,0,0,156,1661.0
2024-05-29,1546,0,0,155,1594.0
2024-05-30,1587,0,0,154,1586.0
2024-05-31,1531,0,0,153,1522.0
2024-06-01,1418,0,0,152,1528.0
2024-06-02,1644,0,0,151,1634.0
2024-06-03,1545,0,0,150,1964.0
2024-06-04,1672,0,0,149,1801.0
2024-06-05,1660,0,0,148,1546.0
2024-06-06,1644,0,0,147,1587.0
2024-06-07,1550,0,0,146,1531.0
2024-06-08,1550,0,0,145,1418.0
2024-06-09,1561,0,0,144,1644.0
2024-06-10,1569,0,0,143,1545.0
2024-06-11,1568,0,0,142,1672.0
2024-06-12,1506,0,0,141,1660.0
2024-06-13,1458,0,0,140,1644.0
2024-06-14,1634,0,0,139,1550.0
2024-06-15,1496,0,0,138,1550.0
2024-06-16,1573,0,0,137,1561.0
2024-06-17,1724,0,0,136,1569.0
2024-06-18,1618,0,0,135,1568.0
2024-06-19,1661,0,0,134,1506.0
2024-06-20,1555,0,0,133,1458.0
2024-06-21,1578,0,0,132,1634.0
2024-06-22,1480,0,0,131,1496.0
2024-06-23,1726,0,0,130,1573.0
2024-06-24,1575,0,0,129,1724.0
2024-06-25,1501,0,0,128,1618.0
2024-06-26,1586,0,0,127,1661.0
2024-06-27,1566,0,0,126,1555.0
2024-06-28,1456,0,0,125,1578.0
2024-06-29,1499,0,0,124,1480.0
2024-06-30,1614,0,0,123,1726.0
2024-07-01,1555,0,0,122,1575.0
2024-07-02,1788,0,0,121,1501.0
2024-07-03,1570,0,0,120,1586.0
2024-07-04,1736,0,0,119,1566.0
2024-07-05,1697,0,0,118,1456.0
2024-07-06,1623,0,0,117,1499.0
2024-07-07,1732,0,0,116,1614.0
2024-07-08,1652,0,0,115,1555.0
2024-07-09,1627,0,0,114,1788.0
2024-07-10,1657,0,0,113,1570.0
2024-07-11,1574,0,0,112,1736.0
2024-07-12,1571,0,0,111,1697.0
2024-07-13,1488,0,0,110,1623.0
2024-07-14,1486,0,0,109,1732.0
2024-07-15,1667,0,0,108,1652.0
2024-07-16,1684,0,0,107,1627.0
2024-07-17,1749,0,0,106,1657.0
2024-07-18,1753,0,0,105,1574.0
2024-07-19,1627,0,0,104,1571.0
2024-07-20,1658,0,0,103,1488.0
2024-07-21,1720,0,0,102,1486.0
2024-07-22,1907,0,0,101,1667.0
2024-07-23,1733,0,0,100,1684.0
2024-07-24,1919,0,0,99,1749.0
2024-07-25,1813,0,0,98,1753.0
2024-07-26,1784,0,0,97,1627.0
2024-07-27,1668,0,0,96,1658.0
2024-07-28,1858,0,0,95,1720.0
2024-07-29,1851,0,0,94,1907.0
2024-07-30,2043,0,0,93,1733.0
2024-07-31,1856,0,0,92,1919.0
2024-08-01,1917,0,0,91,1813.0
2024-08-02,1967,0,0,90,1784.0
2024-08-03,1814,0,0,89,1668.0
2024-08-04,1960,0,0,88,1858.0
2024-08-05,2191,0,0,87,1851.0
2024-08-06,2504,0,0,86,2043.0
2024-08-07,2167,0,0,85,1856.0
2024-08-08,2260,0,0,84,1917.0
2024-08-09,2274,0,0,83,1967.0
2024-08-10,2123,0,0,82,1814.0
2024-08-11,2413,0,0,81,1960.0
2024-08-12,2418,0,0,80,2191.0
2024-08-13,2641,0,0,79,2504.0
2024-08-14,2608,0,0,78,2167.0
2024-08-15,2419,0,0,77,2260.0
2024-08-16,2498,0,0,76,2274.0
2024-08-17,2509,0,0,75,2123.0
2024-08-18,2653,0,0,74,2413.0
2024-08-19,2912,0,0,73,2418.0
2024-08-20,2778,0,0,72,2641.0
2024-08-21,2879,0,0,71,2608.0
2024-08-22,2725,0,0,70,2419.0
2024-08-23,2870,0,0,69,2498.0
2024-08-24,2626,0,0,68,2509.0
2024-08-25,3049,0,0,67,2653.0
2024-08-26,3245,0,0,66,2912.0
2024-08-27,3333,0,0,65,2778.0
2024-08-28,3453,0,0,64,2879.0
2024-08-29,3368,0,0,63,2725.0
2024-08-30,3190,0,0,62,2870.0
2024-08-31,3169,0,0,61,2626.0
2024-09-01,3778,0,0,60,3049.0
2024-09-02,4312,0,0,59,3245.0
2024-09-03,4118,0,0,58,3333.0
2024-09-04,4015,0,0,57,3453.0
2024-09-05,4206,0,0,56,3368.0
2024-09-06,4010,0,0,55,3190.0
2024-09-07,4226,0,0,54,3169.0
2024-09-08,4798,0,0,53,3778.0
2024-09-09,4961,0,0,52,4312.0
2024-09-10,5090,0,0,51,4118.0
2024-09-11,5063,0,0,50,4015.0
2024-09-12,5583,0,0,49,4206.0
2024-09-13,5831,0,0,48,4010.0
2024-09-14,5828,0,0,47,4226.0
2024-09-15,6308,0,0,46,4798.0
2024-09-16,6597,0,0,45,4961.0
2024-09-17,6820,0,0,44,5090.0
2024-09-18,7342,0,0,43,5063.0
2024-09-19,7215,0,0,42,5583.0
2024-09-20,7110,0,0,41,5831.0
2024-09-21,7155,0,0,40,5828.0
2024-09-22,8434,0,0,39,6308.0
2024-09-23,8810,0,0,38,6597.0
2024-09-24,8788,0,0,37,6820.0
2024-09-25,9163,0,0,36,7342.0
2024-09-26,9086,0,0,35,7215.0
2024-09-27,8885,0,0,34,7110.0
2024-09-28,8607,0,0,33,7155.0
2024-09-29,10420,0,0,32,8434.0
2024-09-30,12582,0,0,31,8810.0
